{"train": {"MAE": 4763.039329705486}, "val": {"MAE": 7303.498950511903}, "test": {"MAE": 7228.49877653147}}